jobid,url
50538375,https://www.theladders.com/api/job/guest/50538375
50538786,https://www.theladders.com/api/job/guest/50538786
50540886,https://www.theladders.com/api/job/guest/50540886
50543599,https://www.theladders.com/api/job/guest/50543599
50543627,https://www.theladders.com/api/job/guest/50543627
50544641,https://www.theladders.com/api/job/guest/50544641
50545261,https://www.theladders.com/api/job/guest/50545261
50545481,https://www.theladders.com/api/job/guest/50545481
50546009,https://www.theladders.com/api/job/guest/50546009
50547553,https://www.theladders.com/api/job/guest/50547553
50548379,https://www.theladders.com/api/job/guest/50548379
50550400,https://www.theladders.com/api/job/guest/50550400
50551626,https://www.theladders.com/api/job/guest/50551626
50555359,https://www.theladders.com/api/job/guest/50555359
50556828,https://www.theladders.com/api/job/guest/50556828
50558162,https://www.theladders.com/api/job/guest/50558162
50558824,https://www.theladders.com/api/job/guest/50558824
50560593,https://www.theladders.com/api/job/guest/50560593
50561562,https://www.theladders.com/api/job/guest/50561562
50561647,https://www.theladders.com/api/job/guest/50561647
50561652,https://www.theladders.com/api/job/guest/50561652
50562006,https://www.theladders.com/api/job/guest/50562006
50562612,https://www.theladders.com/api/job/guest/50562612
50563016,https://www.theladders.com/api/job/guest/50563016
50563356,https://www.theladders.com/api/job/guest/50563356
50563905,https://www.theladders.com/api/job/guest/50563905
50564600,https://www.theladders.com/api/job/guest/50564600
50564615,https://www.theladders.com/api/job/guest/50564615
50564666,https://www.theladders.com/api/job/guest/50564666
50564668,https://www.theladders.com/api/job/guest/50564668
50564710,https://www.theladders.com/api/job/guest/50564710
50564876,https://www.theladders.com/api/job/guest/50564876
50565258,https://www.theladders.com/api/job/guest/50565258
50565644,https://www.theladders.com/api/job/guest/50565644
50565774,https://www.theladders.com/api/job/guest/50565774
50565828,https://www.theladders.com/api/job/guest/50565828
50566038,https://www.theladders.com/api/job/guest/50566038
50566214,https://www.theladders.com/api/job/guest/50566214
50566241,https://www.theladders.com/api/job/guest/50566241
50567245,https://www.theladders.com/api/job/guest/50567245
50567270,https://www.theladders.com/api/job/guest/50567270
50567277,https://www.theladders.com/api/job/guest/50567277
50568307,https://www.theladders.com/api/job/guest/50568307
50568600,https://www.theladders.com/api/job/guest/50568600
50568675,https://www.theladders.com/api/job/guest/50568675
50568869,https://www.theladders.com/api/job/guest/50568869
50569416,https://www.theladders.com/api/job/guest/50569416
50578662,https://www.theladders.com/api/job/guest/50578662
50579686,https://www.theladders.com/api/job/guest/50579686
50579945,https://www.theladders.com/api/job/guest/50579945
50580081,https://www.theladders.com/api/job/guest/50580081
50580159,https://www.theladders.com/api/job/guest/50580159
50580369,https://www.theladders.com/api/job/guest/50580369
50581100,https://www.theladders.com/api/job/guest/50581100
50581310,https://www.theladders.com/api/job/guest/50581310
50581439,https://www.theladders.com/api/job/guest/50581439
50581578,https://www.theladders.com/api/job/guest/50581578
50581830,https://www.theladders.com/api/job/guest/50581830
50583921,https://www.theladders.com/api/job/guest/50583921
50584116,https://www.theladders.com/api/job/guest/50584116
50584175,https://www.theladders.com/api/job/guest/50584175
50586401,https://www.theladders.com/api/job/guest/50586401
50586486,https://www.theladders.com/api/job/guest/50586486
50586728,https://www.theladders.com/api/job/guest/50586728
50586742,https://www.theladders.com/api/job/guest/50586742
50587030,https://www.theladders.com/api/job/guest/50587030
50587623,https://www.theladders.com/api/job/guest/50587623
50587758,https://www.theladders.com/api/job/guest/50587758
50587859,https://www.theladders.com/api/job/guest/50587859
50587938,https://www.theladders.com/api/job/guest/50587938
50588056,https://www.theladders.com/api/job/guest/50588056
50588214,https://www.theladders.com/api/job/guest/50588214
50588217,https://www.theladders.com/api/job/guest/50588217
50588368,https://www.theladders.com/api/job/guest/50588368
50588458,https://www.theladders.com/api/job/guest/50588458
50588652,https://www.theladders.com/api/job/guest/50588652
50588993,https://www.theladders.com/api/job/guest/50588993
50589365,https://www.theladders.com/api/job/guest/50589365
50589631,https://www.theladders.com/api/job/guest/50589631
50589762,https://www.theladders.com/api/job/guest/50589762
50590161,https://www.theladders.com/api/job/guest/50590161
50591004,https://www.theladders.com/api/job/guest/50591004
50591167,https://www.theladders.com/api/job/guest/50591167
50591997,https://www.theladders.com/api/job/guest/50591997
50592476,https://www.theladders.com/api/job/guest/50592476
50593081,https://www.theladders.com/api/job/guest/50593081
50595016,https://www.theladders.com/api/job/guest/50595016
50595949,https://www.theladders.com/api/job/guest/50595949
50597232,https://www.theladders.com/api/job/guest/50597232
50597469,https://www.theladders.com/api/job/guest/50597469
50597584,https://www.theladders.com/api/job/guest/50597584
50597590,https://www.theladders.com/api/job/guest/50597590
50597902,https://www.theladders.com/api/job/guest/50597902
50598669,https://www.theladders.com/api/job/guest/50598669
50599488,https://www.theladders.com/api/job/guest/50599488
50600784,https://www.theladders.com/api/job/guest/50600784
50602926,https://www.theladders.com/api/job/guest/50602926
50602942,https://www.theladders.com/api/job/guest/50602942
50603081,https://www.theladders.com/api/job/guest/50603081
50603198,https://www.theladders.com/api/job/guest/50603198
